,내용
0,진짜 그 많은 앨범 다 환경오염임 백장씩 사봤자 그거 다 필요도 없는데
1,김짱준이 에어팟 개 질릴 때마다 인천앞바다에 집어 던지며 엉엉 우는 아방재벌수인것도 아니고 서른세개의 에어팟 자선기부 보다 경유차 매연이 더욱 심각한 환경오염 주범이라는 점 아무래도 따릉이 정기이용권 끊고 열심히 발전기 돌
2,진짜미친새끼같다생리대에돌돌감싸서저멀리바다에던져버리고싶은데환경오염이니까그냥불태워버리고싶다
3,아 저도 좀 보고싶긴 한데 아무래도 오타쿠 영화가 아니고서는 코로나시대에 두문분출 ㅎㅎ 해버렸죠 전 소재에도 흥미를 잘 못느끼겠어요 야 유령이 두렵냐 나는 인플레이션 시대의 내
4,언론탄압 이라길래 곰곰히 생각해봤다 언론이 있어야 탄압도 할게아니냐 그래서 오해없도록 법안이름을 바꿀것을 권한다 폐지재생에 관한 고물법과 환경오염에 대한 고물업자 처벌법
5,근데 진짜 앨범 버전 너무 많은거 환경오염이야 너무 보기 괴로움
6,미니백 빼고 포카만 해도 살텐데 진짜 환경오염의 주범
7,ㄹㅇ 환경오염 개쩖 포카만 따로 팔아줘잉 포카만 따로 팔아도 욕 안할게
8,아하 하긴 아 환경오염버전너무웃기다 속죄하며 도브 뷰티바나 계속쓰겠습니다 플라스틱아웃
9,진짜요 요즘 오히려 환경오염 일으키는데 일조하는게 다름아닌 에코백 텀블러
10,그러나 그들이 친환경을 주제로 제공하는 에코백과 텀블러는 정말 역설적이게도 최근 환경오염을 일으키는데 적지 않은 영향을 미친다고함 에코백 개당 최소 번은 메고 다녀야 텀블러는 개당
11,시발 이게 영어시간이냐 환경오염 캠페인이냐시불
12,뢰알 환경오염 걱정될만큼 쓰레기 많이나와
13,이 커피박을 주목해야 하는 이유는 환경오염의 주범인 플라스틱만큼 중요하다 땅에 버려진 커피박이 메테인 이라는 온실가스를 뿜어내고 있기 때문이다 메테인은 이산화탄소지수 로 이산화탄소의 배에 육박하는
14,ㄱㄴㄲ 환경오염 적당히할필요가잇음
15,환경오염 끝판왕 탈염색도 수십번을 했겠지요 그분은 방구도 뀌고 트름도 하고 파마에 탈염색에 다하면서 에어팟 개 잃어버린거고 진짜 보는 내가 답답하네
16,솔직히 아무리 그이가 내 남편이라고 해도 환경오염의주범으로 욕먹는건 좀 부끄럽네요 제남편에게ㅜ앞으론 앨범을 가상으로 내가지고 아이패드로 쓸수있게끔 조절하도록 하겠습키다 한남자의 아내로써 최선을 다할게요
17,알엠한테 환경오염이라 한 마디 해서 여태 처맞음
18,물 그만 마시세요 환경오염 된다고요
19,니 휴대폰 사용하면서 이런 글 싸질러대는 거가 더 환경오염 되는듯
20,방탄 팬들이 한강에 나무 천그루 심으면 뭐하노 알엠은 에어팟 개나 잃어버리고 환경오염시키는데 재미로 방탄 까는 거 아님 진심으로 화나서 그럼 씨발 나는 분리수거도 광적으로 하고 스벅 종이빨때 물에 녹아서 빵꾸나도 그
21,나는 환경오염보다 랩몬이 더 걱정됨 한두개도아니고 개 잃어버린거면 어디 문제있는거아냐
22,환경오염방지를위한 철저한 지자체의 관리 감독이 잘이뤄질수 있어야 할것입니다 충남도의 깨끗한 자연환경을 잘지켜내는것에도 신경써주시길바랍니다
23,무엇보다 플라스틱 케이스라는게 싫음 안그래도 덕질이 곧 환경오염인데 플라스틱까지
24,나 그것도 싫어함 앨범 존나 사재끼기 하는 거 그거 어차피 듣지도 않고 다 버릴 거짆아 나 아이돌 좋아할 때도 앨범은 딱 한 장씩만 삿는데 환경오염 좆됨 레알
25,안녕하십니다 베스타가 나온지 억년 뒤의 미래에서 온 미래인입니다 청홍님을 기다리던 지구는 환경오염 끝에 안타깝게도 멸망했습니다
26,에어팟 개잃어버렸다는소리를 보면 보통 와 되게 덜렁대나보다 개 살만큼 돈이많은가보다 라고 생각하지않나 갑자기 환경오염얘기가 왜나오는겅미 뭐 그렇게 생각하는건 당연히 자기자유지만 그 생각을 노
27,랩몬씨는 앞집 아줌마도 하고 옆집 할아버지도 하고 윗집 청년도 하고 살아숨쉬는 모든 인간들도 하는 환경오염 을 했지만 피해 당사자 지구 가 사과를 받지 않았고 용서를 하지 않았으므로 그리구 한 번 잃어버리는데에서 멈추
28,엥 에어팟 잃어버림게 왜 그렇게 욕 쳐먹늘 일임 ㅅㅂ 나는 일주일만에 하나 잃어버리고 존나 심장 벌렁이면서 다시 샀는디 존나 부럽기만하구만 환경오염 ㅇㅈㄹ
29,차라리 플라스틱 이용 안할시 예를들면 빨대라거나 텀블러에담아가기 만 했음 좋겠다 에코백 나오기시작했을때 한 년 지나고 에코백이 남아돌아 환경오염을시킨다는 기사가 나온적이 있는데 대충 지금부터 한 년
30,모든 판에 시세차이있지안나 니 숨쉬는것도 환경오염임
31,하루에 물 리터 마신다고 환경오염
32,개 잃어버릴 수 있지 능력되면 계속 살 수 있지 환경오염을 뭐 매번 신경쓸 수는 없는 노릇이긴하지 하지만 뭐가 자랑이라고 나이찬 성인이 개씩이나 주구장창 잃어버리고 사고를 반복했고 그걸 또 지 입으로 말하는 바람에 내
33,잃어버리고 싶어서 잃어버린것도 아니고 왜 그러세요 그리고 구지 알엠으로 예를 들어야 하나요 혼자 환경오염 시키는것도 아니고 인간이 숨 쉬는것만으로도 환경오염이 되는데 말이에요 본인도 지금 환경오염 시키고 계세요
34,파마 하지마세요 환경오염임 베르사이유의 장미 같은 환경운동가님
35,자신이 환경오염이라는 기부 도 안하신 입만 산 환경 운동가님
36,내가 내가말야 진짜 오타쿠인거치고 굿즈 딥따리 안사 돈아깝고 처치곤란이고 환경오염이라서 사봤자 중고매장에서 영화 모은다고 근데 바둑왕은 다보고 보름만에 생전 잘 펼쳐보지도않는
37,제가 방탄이랑 알엠을 싫어해서 나쁜 마음으로 까겠다고 작정하고 쓴 글도 아니고여 환경오염이니 죽어라 뒤져라 이런 말도 안 했고 경각심을 좀 가졋으면 하는 생각에 혼자 쓴 글인데 거기에 몰려와서
38,세상 자기보다 잘나가서 부러우면 부럽다고 하지 굳이 욕들어가면서 콕 찝어서 지랄을 하는지 궁금하다 그럼 체카 신카 번이나 잃어버리고 지갑도 잃어버리진적이 겁나 많은데 나도 환경오염시켰네 어이쿠 죄송해라
39,누구나 분리수거하고 스벅빨대 녹아서 종이맛나도 걍 다 처먹는데 지만 이 세상을 위하는 영웅인척 대단한 일을 한 것처럼 씨부리는거 개그임 에어팟 씨발 잃어버린거 때문에 환경오염 걱정되면 길가에 떨어진 쓰레기나
40,에어팟 개를 잃어버린게 어떻게 환경오염으로 바뀌는지 뇌절친 그 생각을 알고리즘으로 바꿔오세요 장미만 폰트는 최대 입니다
41,세상에마상에 물건잃어버리는걸보고 환경오염이라고 상스러운 욕까지해대면서 가만히있는 연예인 저격하는 장애인은 또 처음보네 할많하않
42,진짜개지랄을처하네걔가맨날밖에만싸돌아다니는것도아니고실내에서잃어버린게적어도 할일텐데분실물센터갔으면갔지뭔환경오염이야걔가에어팟을땅바닥에흘리는것보다니가살면서뀌는방귀랑살면서쓰는일회용품이랑살면서처먹는고기만들어질때죽어나가
43,남이사 에어팟을 세개를 사든 서른개를 사든 에어팟 많이 산다고 환경오염이러고 있네
44,대체 자기는 어떻게 살았길래 환경오염을 운운하지 뭐 통학할때 움막에서 일어나 넝쿨타고 등교했나 근데 그렇게 살면 건강상 문제와 야생동물등의 외부요인으로 단명할텐데 아 산삼 캐먹으면 되는건가
45,진짜죽이고싶어ㅜㅜㅜㅜ 지 휴대폰하는것만으로도환경오염인데
46,네네 제가 살아잇는 것 자체가 환경오염입니다
47,환경오염 해결책이 여기에
48,애초에 씨발ㅜㅜㅜㅜㅜ 휴대폰하는거 자체로 환경오염이 되는데
49,ㅋ울애기가 에어팟 잃어버리는게 환경오염의 주범이라굽쇼 나왜 이거 이제앎 니놈은 숨쉬는게 지구에 민폐다 에라이 어디 입에서 독가스를 내뿜고 자빠졌어 체리야 그래서 그게
50,님은 왜 폰해요 환경오염
51,행복해야할 시간에 미친하이브개샛긔들의 똘추짓과 에어팟 개 산 게 환경오염이라는 별 같잖은 소리까지
52,아 존나룻겨 에어팟 잃어버려서 환경오염 걱정하는거 보니까 참 애잔함 그럼 지는 누가 보면 자연인으로 사는 줄
53,저게 환경오염이면 느그들은 옷도 한벌사면 기본적으로 년은 처 입고 머리는 일주일에 한번씩만 감고 설거지도 물로만 대충해라 병신들아 폰도 년 사용하고 바꾸지말고 년은 써라
54,에어팟 개 잃어버렸다고 환경오염 이지랄하는건 어떻게 받아들여야햌ㅋ 저런 애들이랑 같은 사회에서 살아가야해 이게 맞는거냐 도대체
55,ㅅㅂ 환경오염 아주 대중교통도 이용하지 말지 그래 하다하다 저딴 까글을 본다
56,그것도 문제지만 랩몬포카를 제작한다는 것 자체가 환경오염임 원하는 수요대로 포카 만들어 딴 놈들 할때 걔 혼자 하는거 보고 애잖해 죽겠다
57,이용해본적이 있나요 환경오염을 막기 위해 활동하는 단체에 기부하고 봉사활동해본적이 있나요 이상입니다
58,알엠군 에어팟 분실로 환경오염ㅠㅋ 이라며 욕하기 전에 본인 행동을 뒤돌아보세요 환경오염을 막기 위해 스타벅스에 텀블러를 들고 가 본 적이 있나요 환경오염을 막기 위해 쇼핑 중 비닐쇼핑백을 마다하고 따로
59,이젠 깔것도 없어서 에어팟 잃어버린걸루 까 개를 진짜로 잃어버렷겟냐고 그리고 잃어버리든말든 니가 먼 상관인데 거기서 환경오염이 왜 나와 ㅋㅋㅋㅋㅋ
60,포카가 환경오염이면 모든 물질들은 다 환경오염 덩어리인데요
61,난 또 무슨 환경단체에서 나온 줄 알았더니 자기는 환경오염 덜 한다고 드는 예가 나도 저정도는 하는데 그리고 종이빨대가 아니라 오염이 진짜로 하기 싫었으면 텀블러를 들고 갔어야 하는거 아닌가
62,버젼 세개 쥬얼 맞지 몇장사야하노진심 이환경오염의주범
63,따릉이타고다니는 램몬한테 환경오염 이지랄 인용 방까필망 미친새끼들아ㅡㅡ
64,아니 유튜브는 왜 하시나 환경오염 걱정된다면서 유튜브는 업데이트 이후 로 보기 귀찮아진다고 화내던 사람들 다 어디 감
65,이래서 책 한권 읽은 애들이 무섭다는 거다 전자기기 사용량 올라갈수록 환경오염 된다는 사실 알리는 거 그려 좋다 이거야 근데 굳이 가수가 에어팟 많이 샀다는 트윗에 좋지 않은 뉘앙스로 얘기하는 건 너무
66,쩝 애초에 하도 뭘 부시고 잃어버리니까 에어팟은 안 잃어버렸나 브이앱 질문 들어온거에 대충 그만큼 잃어버렸다는 식으로 답한건데 여기에 환경오염까지 덧붙여서 온라인 환경운동 하는 중
67,나는 에어팟으로 환경오염어쩌구하는 이상황이 너무 웃김 전자기기를 많이 사용할수록 자원이 낭비가 됩니다 면모를까 에어팟잘잃어버린단 말에 발작버튼 눌려서 환경오염좆된다이것들아ㅠ 그러신 분이 왜 트
68,ㅂㅌ이 기부한돈은 에어팟 개랑 비빌수가없는데 환경오염 시킨다고 옘병
69,앨범과 환경오염을 연관 시킬 수는 있겠지만 돌판 성적 입력 방법을 뒤집지 않는 이상 앨범 수출이 낮아질 수 없음 애초에 가수가 돈을 젤 많아 버는 방법이 앨범이고 탄소 배출이 문제라 하면 스트리밍을 하면
70,탐라에 다들 화나계셔 ㅠ 여러분 개빡치지만 음 네 개빡치네여 여기저기 안들쑤시는데가없네 이제는 에어팟으로 환경오염같은소리를 하네 네 그래서 그쪽은 에어팟안잃어버리셔서 환경보호
71,에어팟 개를 읽어버렸다고 해도 국가와 이 지구에 이바지하고 도움준게 훨씬 많으니까 환경오염에 이바지하는 전기로 충전한 핸드폰에 토독거리면서 환경오염 운운하지마세요
72,와 근데 진짜 깔게 없어서 에어팟 개 잃어버린게 환경오염이라고 까는거 처음봄 아이돌하기 힘들다
73,닌 그럼 살아숨쉬지마세요 어차피 쓸모없는데 왜 이산화탄소만 배출하고 휴대폰으로 이딴 글이나 적으면서 환경오염시킴 음식은 왜 먹음 물은 왜 마셔
74,다 닥쳐라 니 친구한테 환경오염 이 소리해봐라 친구 다 잃지 빡대갈들아
75,빈티지옷사는거 환경오염에 도움됀다구그랬는데 쓰레기될뻔한거없애주는거아니여
76,그것은 문제가 아니지만 코주부 너딴 놈들이 살아있는 것 자체가 환경오염임 제발 쓸 때 있는 사람 좀 되자 우리 애들 킹탄할 때 사이버상이라고 존나 당당하게 개지랄하다가 욕 먹는 거 보고 애잖해 죽겠다
77,에어팟 잃어버린게 왜 환경오염인데 걍 주인 손을 떠난거잔아 우리 남준이가 문방구 원짜리 불량식품을 흘렷어 에어팟 흘리면 누가 앗싸하고 주워가지 않겟냐고 니들은 안줍고 강에 던질거냐 으휴
78,인간 생명 중시 삶에 대한 고찰 환경오염에 대한 경각심 통수전개 지극히 영도스러운 글이라고 생각함ㅎ 오버더 시리즈는 이걸로 끝인가 너무너무 아쉽다 티르가 지키는 시골마을에 정 정말 많이 들었는데 부디 후속편도 내주길
79,오늘부터 저는 환경오염이 심각해져 지구가 망해버렸으면 조캣으니 에어팟을 주기적으로 버려서 지구가없어지도록 수십억을 기부해도 에어팟때문에 복구가 안될수준으로 만들갯습이다 감사합니다
80,그치역시우리랩몬오빠보다는 이산화탄소만내뿜는 너네가 더 환경오염가긴하지
81,와 아이돌이 한번 무대하면 환경오염이 어마어마하니 아이돌들 다 죽으라는 말씀인가요 오 님 참 착하시네요
82,살까지나 환경오염에 막대한 영향을 주시네요 근데 포카 정보 좀요 제발 사례금 드릴게요 제발
83,ㅜㅜㅜ그니까요 잃어버린게 환경오염시키려는게 아닌데
84,환경오염이 그렇게 걱정되면 해원이는 샴푸린스로 머리감지말고 창포물로 머리감고 양치할때 치약사용은 금물이고 여름에 에어컨금지에 부채하나 쥐여주고 죽부인 안겨줘라 그리고 해원이집 저녁에 호롱불 하나켜줘라 그
85,아니 콩나물 잃어버린게 아이큐까지 말 나올일이냐 난 걍 남준짱이 남준했군아 그와중에 포기안하고 줏대잇게 계속 사는거 킹받네 이생각만 들던데 과몰입 쌉오져 니가 사주냐 지가 지돈으로 산다는데 환경이 파괴되
86,하 우리판 네임드가 랩몬스터 어쩌구 하면서 에어팟 개 잃어버렸단 얘기하는데 다른 판이 굳 이 팬트윗 찾아서 봐놓고는 환경오염 ㅇㅈㄹ하는 중임ㅋㅋㅋㅋㅋ
87,근데 환경오염은 기업들을 규제시키면 되는 일 진심 드럭스토어 알바 했을 때도 맨날 연출물 보고 버리는 것 보면서 아 진짜 기업들 규제해야 되는데 하고 있는 거 맞나 싶을 정도로 쓰레기 진심 개많이 배출함
88,환경오염을 문제로 삼으실거라면 에어팟을 만드신 회사에 대한 문제제기를 하셔야하지 않나요 지금 한 사람을 환경의식없는 사람으로 만드시고 깟다고 생각을 안하신다니 하지만 본인이 그렇
89,아ㅋㅋ 패스트패션으로 인한 환경오염도 모르는거야 해원이는 오히려 환경보호를 실천하고 있다고 ㅋㅋ
90,환경오염이 왜 써치에 걸리지 그분들 중 누구도 본명이나 예명이 환경오염인 사람이 없는데
91,근데 많이 잃어버린 게 어ㅐ 환경오염 하나 살 돈도 없ㅇ서ㅓ 발작하는건가
92,저는 깟다고 생각 안 하고 이게 사과할 일이라고 생각하지도 않습니다 제가 인신공격이나 무차졀한 폭격을 한 것도 아니고 환경오염이라고 문제제기 한 것에 대해 제가 사과할 일은 없다고 봅니다
93,난 맞춤법도 잘 모르면서 뭐 아는 것마냥 트윗 써대고 매 초 숨쉬면서 환경오염 일으키는 너만 보면 애잔해
94,개웃김 에어팟 잃어버린 게 환경오염이래 그 말같지도 않은 트윗 쓰는 데에는 뭐 자원이 안 쓰일 줄 아나 별 걸 가지고 지랄 그럼 뭐 속세랑 연 끊으시고 어디 산에 들어가 환경오염 하나도 시키지 말고 살던
95,모루겟어요 심지어 죽으라고 욕한 적도 없고 에어팟 개 잃어버린 거 환경오염이라고 한 것뿐인데
96,그거 환경오염이야 혹시 모를까봐 말 해
97,내 눈에 흙이 들어가도 안된다고 하는 사람한테 진짜 눈에 흙 집어넣을거같음 에어팟 개를 읽어버렸다고 해도 국가와 이 지구에 이바지하고 도움준게 훨씬 많으니까 환경오염에 이바지하는 전기로 충전한 핸드폰
98,아니 근데 해원님이 도대체 멀 잘못하신거에요 ㅠ 이해가 안되네 숨쉬듯이 환경오염저지르는 트친도 그냥그런가보다하고있는데 생면부지의 남돌팬이 훈수두는 이유를 모르겟어요
99,트위터에서 재미로 방탄 까는 분위기가 형성돼잇으니까 한 말인데요 그리고 환경오염에 문제제기 좀 하면 안 됩니까
100,니키울때 들어간 돈이 얼만데 그게 다 환경오염의 주범이었네 운다울어 결국 이렇게 됏구나 실사판
101,그리고 난 돈지랄에ㅡ대해 얘기한 적이 없고 환경오염에 대해서만 얘기했음 본문도 그렇고 근데 갑자기 왜 돈지랄 얘기가 나옴 진짜 궁금해서 그럼
102,왜 조롱이 문화가 된 건지 모르겠음 즈그 조롱하면 풀발할 거면서 ㅋㅋ 진짜 느그가 숨 쉬는 게 환경오염임 존나 에어팟 만드는데 자원 어쩌고 이러고 있다
103,환경오염ㅋㅋㄱㄱ애플보고있냐
104,님 휴대폰을 하는것도 환경오염이 된다고 합니다 님이 트위터 죽어라 할 시간에 남준군은 열심히 연습하고 잇을테니 개는 그걸로 퉁치세요 아님 폰도 하지마시든가 ㅠ
105,존나 웃김 ㅋㅋ 이젠 까일게 없어서 하다하다 에어팟 개 잃어버렸다며 환경오염이라고 까이는 월클 아이돌 ㄷㄷ
106,니 방구끼는것두 환경오염인뎅
107,내말이요 진짜 저정도면 환경오염맞는데
108,랩몬씨는 앞집 아줌마도 하고 옆집 할아버지도 하고 윗집 청년도 하고 살아숨쉬는 모든 인간들도 하는 환경오염 을 했지만 피해 당사자 지구 가 사과를 받지 않았고 용서를 하지 않았으므로 그리구 한 번 잃어버
109,그리고 확실히 쓰레기두 줄 듯 마트에 수많은 제품들 쓸데없이 포장 심하게 해서 정말 환경오염에 쓰레기넘치는것은 차치하더라도 뜯는것두 힘들었음 담으론 바다에 그물들두 다 없애버리면 좋겠다
110,환경오염을 위해서라면 화학물질그득한 파마약사용도하면안되지않나요
111,에어팟가지고 개 환경오염이니 뭐니 걍 상대적 박탈감 느꼈다라고 하는게 덜 추함 ㅋㅋㅋㅋㅋ
112,환경오염에 사람이 사는게 제일 해로운데 그렇게 환경걱정할꺼면 그냥 죽으시는게 어떨까요
113,지는ㅋㅋ무슨산속에서만산줄 지도할거다하고누릴거다누려놓고종이빨대빵꾸날때까지써용ㅠㅠ에어팟잃어버리는거환경오염ㅜㅜㅇㅈㄹ하면뭐어쩌라는거
114,해양수산부 해양환경오염 예방치원 규제 강화
115,그래요 꼼꼼하지 못 한 것도 죄인 시대가 왔습니다 여러분 원트윗 논리라면 가수도 죄인일테니 가수 옆자리는 내꺼입니다 ㄴ독방쓰면요 ㄴ엇 근데 독방도 환경오염아닌지ㅠ 독방을 없애야합니다ㅠㅠ
116,트위터에 몇번 올린 적 있는것 같은데 이 책을 다들 읽어 보셨으면 좋겠다 인간에 의한 기후위기에 대한 이해와 함께 최근의 자연재해에 대해 납득하게 됨 지구는 이미 단순 환경오염의 레벨을 넘어섬
117,그냥 인류가 환경오염임
118,알엠이 에어팟 개 잃어버렷대서 환경오염이라고 햇다가 이렇게 됨
119,내 눈에 흙이 들어가도 안된다고 하는 사람한테 진짜 눈에 흙 집어넣을거같음 에어팟 개를 읽어버렸다고 해도 국가와 이 지구에 이바지하고 도움준게 훨씬 많으니까 환경오염에 이바지하는 전기로 충전
120,아무리 싫어도 이건 아니지ㅋㅋㅋㅋ 그럼 에어팟 여러개 잃어버린 사람들 죄다 환경오염 한건가 황당
121,저 트윗 하나 올렷는데 갑자기 아미분들이 몰려와서 인용으로 절 무지막지하게 패고 있어요 제가 인신공격을 한 것도 아니고 환경오염이니 죽어라 이런 말도 안 했는데 이렇게 욕 먹어야하는 이유를 모르겠네요
122,세상 자기보다 잘나가서 부러우면 부럽다고 하지 굳이 욕들어가면서 콕 찝어서 지랄을 하는지 궁금하다 그럼 체카 신카 번이나 잃어버리고 지갑도 잃어버리진적이 겁나 많은데 나도 환경오염시켰네 어이쿠
123,실트에 환경오염 올라감ㅋㅋ
124,이 재난이 빨리 끝났음 좋겠다 이런 상황에 처해지고 상황을 좀 더 가깝게 보고 느낄 수 있게 되니 정말 정말 심각하다는걸 새삼 깨닫고있다 밤낮새벽 할거 없이 고생하시는분들의 인력도 환자가 쓰고 먹은것들을 전
125,지들 먹고 남은 쓰레기 길에 처 버릴 것 같은 사람들이 환경오염 ㅇㅈㄹ
126,ㅋㅋㅋㅋㅋㅋㅋㅋㅋㅋㅋ 존나 길가다가 길 잃은 아이 있으면 아이보고 어 환경오염 하지 그러세요ㅋㅋㅋㅋㅋㅋㅋㅋㅋㅋㅋㅋㅋ
127,탐라 뭐임 환경오염을 막기위한 거대한 캠페인 세계관 같은건가요
128,환경오염했다는 트윗하나로 저 지랄하고 정말 즈그 옵 퍼포먼스 상 못 받았다고 다른 아이돌보고 몸 팔았다 상 택배로 즈그 옵한테 보내라 하고 여돌이 즈그 옵이랑 친해서 반말한걸로 쌍욕한 안 패도 다니는 곳이 없는 팬덤답다
129,환경오염 시발 ㅋㅋ애초에 팬 주접글로 한 멤버가 에어팟 몇개를 잃어버린다 덤벙댄다 귀엽다 걍 이렇게 흘러가고 있는데 왠 갑자기 그래서 환경오염이다 이 트윗 싸질러놓고 무슨 지가 피코질임 걍 우리가 주접질
130,원트윗에 분리수거 종이빨대ㅋㅋ 를 예시로 쓴 심리는 무엇인가요 나는 에어팟을 세른세번이나 잃어버려 환경오염시킨 사람과 다르다 나는 환경파괴적이지 않다 아닌가요 그런데 님도 옷 사입고 대중교통 이용하고
131,에어팟 개잃어버렸다는소리를 보면 보통 와 되게 덜렁대나보다 개 살만큼 돈이많은가보다 라고 생각하지않나 갑자기 환경오염얘기가 왜나오는겅미 뭐 그렇게 생각하는건 당연히 자기자유지만
132,에어팟을 잃어버리면 환경오염이라니 이제 길도 잃지 않겟습니다
133,저희가 이산화탄소를 내뱉으면 그것도 환경오염인가유
134,환경오염 걱정할거면 속세 가서 살아야지
135,물건 잃어버리지 안갯습니다 당신도 절 대 물건 잃어버리지 말아주새요 환경오염 되니까
136,음 근데 개 잃어버린 문제를 떠나 실제로 아이돌들은 활동을 하면 물건은 물론이고 옷이든 메이크업하면서 나오는 환경오염이 심할텐데 환경을 생각하시는건 알겠지만 알엠만 몰아가셔서 조금 당황했어요
137,ㅋㅋㅋㅋ 진짜 웃겨 환경오염이라고 트윗쓰기 나무 천그루 심기 누가 오염의주범일지
138,에어팟이 환경오염이라 그럼 집애 불은 왜 켜세요 전기생산도 환경에 영향 끼치는데ㅜ
139,남준이가 에어팟 얼마나 잃어버린게 왜 나오는지 이해를 못 하겠음 산속에서 자급자족 아니면 분리수거 광적으로 해봤자 도시에 사는 이상 환경오염은 살면서 하게 될텐데 정의의 사도 마냥 지적 하는게 개웃김
140,애기 폰 고장나서 메인보드 갈아끼워야하는데 이것도 환경오염인가요ㅠ
141,이제 하다하다 에어팟 잃어버린거로 패이네 폰 떨궈서 폰 바꾸면 환경오염이라고 패일까봐 무섭다
142,헐 나도 이거 봤어요 환경오염때문에 나무가 다 인공나문데 주인공이 책에서 진짜 나무 그림보고 예쁘다고 엄마한테 나무 기르고 싶다고 했는데 엄마가 나무는 저 밖에 인공나무 많다는 식으로 얘기한게 아직도 뇌리에 남아있어요
143,이제 환경오염 하기 싫으신분은 에어컨선풍기티비전등냉장고휴대폰 특히아이폰 에어팟라디오자동차등등물건을쓰지마세요 그리고직접쓰레기분리수거잘못하는분께알려주시고나무도하루에열개를심어주세요
144,물건 잃어버려서 다시 사는 게 환경오염의 주범이야 무슨 그지같은 논리야 그러는 사람은 물건 잃어버리면 절대 다시 사지 말고 살아라 사람이 악의의 차면 판단력이 없어진다더니
145,존나 웃기다 대중교통 보다 자전거 이용 우선시하고 취미가 분재인 애한테 환경오염을 논하네
146,김짱준이 에어팟 개 질릴 때마다 인천앞바다에 집어 던지며 엉엉 우는 아방재벌수인것도 아니고 서른세개의 에어팟 자선기부 보다 경유차 매연이 더욱 심각한 환경오염 주범이라는 점 아무래도 따릉이 정기이용권
147,아나 진짜 지들도 환경오염 시키면서 뭐 대단한 환경운동가인척 에어팟 잃어버린거 환경오염 안되게 다 줍고다니는 척
148,환경오염그렇게걱정되면죽든가
149,쟤 말대로면 모든 물건이 환경오염덩어리지 ㅋㅋㅋㅋㅋㅋ 우리는 다 죽어야 마땅하겠노 ㅋㅋㅋㅋㅋㅋ
150,개 잃어버릴 수 있지 능력되면 계속 살 수 있지 환경오염을 뭐 매번 신경쓸 수는 없는 노릇이긴하지 하지만 뭐가 자랑이라고 나이찬 성인이 개씩이나 주구장창 잃어버리고 사고를 반복했고 그걸 또 지 입으
151,전기는 땅에서 솟나요ㅡㅡ 그것도 다 환경오염이에요 ㅋㅋㅋㅋㅋㅋㅋㅋㅋㅋㅋㅋㅋㅋ
152,개웃기네 진지빨고 말하자면 엔터 사업 종사자나 그거 좋아라 하는 사람들이나 환경오염 존나 시키는거죠
153,님을 부실순 없잖아요 ㅠㅠ 환경오염덩어리 해원님 다행으로 아세용 ㅠㅠ
154,자격증 유기농관리사 최근 환경오염과 함께 유기농업의 중요성 알게됨 유망자격증 이젠 귀농의 필수 자격증
155,아이폰은 왜 들고 다녀요ㅠㅠ 그것도 환경오염인뎅
156,에어팟 개로 환경오염 이지랄 떠네 ㅋㅋㅋㅋㅋ 그냥 숨쉬지말고 살어 숨쉴때마다 환경오염되니깐
157,재미로 방탄까는거 아니고 진심으로 화나서 이런 개소리 트윗을 올린거면 더 암담한데 환경오염방지에 기여하는 나에 취해 논리뒤진 까글 올리지마시구 정신병원 가는걸 추천드립니다 왤케 맘속에 쓸데없는 화가
158,아니 진심으로 화난다는게 웃겨 그냥 질투나서 그러는거면 맨날 있는 일이니 니 좇대로 하든말든인데 진심으로 화난대ㅋㅋㅋㅋㅋㅋㅋ그렇게 환경 생각하실꺼면 환경오염 되는거 니도 하지마세요 아예ㅋㅋㅋ무슨 일부러 그
159,그럼 너 핸드폰 환경오염이야 핸드폰도 사치품이지 ㅋㅋㅋㅋ 하나에 만원 넘는데
160,아 일본애니 굿즈 미감 나랑 너무 안맞아 쓰발 우두커니 서서 환경오염 지켜만보기
161,에어팟 보고 환경오염이라 하는 애들은 진짜 현실에서 혼자 다닐 듯 니 주변 에어팟 쓰는 친구들한테 니가 환경오염의 주범이라고 해봐라 전부 다 그게 뭔 개소리냐는 표정으로 쳐다볼텐데
162,시발 스벅에서 마시는 거 자체가 환경오염 시키는 건데 집에서 드시거나 텀블러 쓰셔야지
163,뭐야시발 얘 왜이래 누가누가 환경오염을 더 안 했나 겨루고 있는거임 지랄얨병끼발ㅋㅋ아 아 그럼 이미 뱅탠 선배님들은 머리세팅으로 환경오염을 하였고 나이 드신분들은 똥을 더 많이 싸셨으니 환경오
164,에어팟 잃어버렸다고 환경오염 이ㅈㄹ ㅋㅋㅋㅋㅋㅋㅋㅋㅋㅋ 까능 이유도 가지가지다 걍 방탄은 방탄이라 싫다고해라 비겁하긴 ㅋㅋ
165,그런식으로 하면 애초에 ㅇㅐ플한테 인당 한 개씩 팔지 왜 제한 안둬서 환경오염시키냐고 따지던가
166,ㅇㅈ 내가 뭐 방탄 못생겻다 이런 말 햇나 환경오염이라고 한 걸로 시발ㅋㅋㅋ
167,탐라에 쓰레기 환경오염얘기나와서 생각났는데 나 잼민이일때 롯월가서 줄기다릴때 앞에 중딩오빠들이 줄에다가 지들이 먹은 음료냅두고가서 저기요 이거 쓰레기통에 버려주세요 요지랄한적있음 그때로 돌아가서 싸다귀 때리고싶다
168,환경오염이라고 한마디 햇다가 존나 처맞는 중 솔까 오염 맞잖아
169,뭔 환경오염 누군가 주워서 필요한 사람한테 중고로 팔아 돈이나 벌었겠지
170,환경오염 ㅇㅈㄹ 그냥 속세와의 연을 끊으시는건 어떤지 산속에 들어가서 버섯이랑 나물 캐먹고 사세요 아 버섯이랑 나물 막 캐는것도 환경파괴인가 쩝
171,환경오염에 그렇게 예민하시다면서 옷살건 다 사고 전기 쓸건 다 쓰고 예 아가리 환경보호가 열심히하세요
172,ㅇㄴ ㄹㅇ 이해가 안가는게 잃어버리는거랑 그냥 버리는거랑 완전히 다른데 쟤내는 국어 못하나 환경오염 이러고 있네
173,환경오염 때문에 그러시는거면 코끼리똥 종이로 고소장 만드세요 ㅋㅋㅋㅋㅋ
174,분리수거 하는거 실제 영향은 코딱지만큼임 환경을 지키는 멋진 사람이 되고싶다면 고기를 그만 드시면 됩니다 고기잡이와 가축 사육 환경오염의 주범
175,언니 환경오염 멈춰
176,환경오염하지마
177,ㅋㅋㅋㅋㅋㅋ개웃겨에어팟환경오염ㅋㅋㅋㅋㅋㅋㅋㅋㅋㅋㅋㅋㅋㅋㅋㅋ
178,안되지 환경오염인데
179,지코스할때처입는줮같은옷들은코스한번하구나면사라지나보넹환경오염도안되고굿이네요굿굿굿
180,우와 에어팟 잃러버리면 환경오염시키는 거구나
181,ㅇㅇ안됨 마스크 버리지마세요 환경오염 쓰레기버리지마세요환경오염 물건 버리지마세요 환경오염
182,해원쨩니숨쉬는것도환경오염이니까죽어달라하면죽어줄거냐능
183,나이제똥싸면환경오염했다고욕먹냐 덜덜무섭다
184,ㅋㅋㅋㅋㅋ 그럼 종이 버리지 마세요 환경오염 작아진 옷 버리지 마세요 환경오염 폰 바꾸지마세요 환경오염
185,니 숨은 왜쉬는거야 그것도 환경오염인뎅 ㅠㅠ
186,물건잃어버리면환경오염ㅋㅋ 이딴개논리는누가알려주는거임 즈그애미 ㅋㅋ
187,티슈여러장 낭비하지말자 요즘세상에 환경오염 심각하니까 입술로닦아줘
188,다행이다 난 변비라 환경오염 안하겠네
189,옷 작아져서 버리는 것도 환경오염임 ㅋㅋ
190,ㅇㅇ 맞아 ㅠ 뭐 잃어버리면 환경오염이지 그치 ㅠㅠ
191,에어팟을 집에서 잃어버렸는지 학교에서 잃어버렸는지 어디서 잃어버렸는지 쟤가 어떻게 알아 저 사람 말대로라면 집에서 천원 잃어버려도 환경오염임
192,그럼 물건 잃어버림 환경오염 이라는 건 뭔 논리임
193,머리끈이나 필기구 잃어버리면 환경오염
194,그럼 지금까지 뭐 아무거나 잃어버린 사람들은 다 환경오염한건가
195,환경오염 중요하게 생각하는 사람한테 왜그렇게 오바하냐고 하는 사람 너무 싫음 이런 분야에는 좀 꽉 막힌 사람이 되면 안 되는겅미
196,익명이는 살아잇는게 환경오염인듯
197,북다닥 페잉 들어오는 익명이부터 환경오염을 위해 전기쓰지말고 폰끄고 디비자라
198,나 최근에 꾼 악몽 이 뭐냐면 나 유튜브 화질 좋게 해놓고 본다고 나보고 환경오염의 주범이라고 트위터에서 블좌 도는 꿈 꿨음
199,뺴에에에에에액 칸고쿠 하우스는 단열재가 많이 들어가서 철거하면 환경오염 심한데쑤우우우우ㅜㅜㅜ
200,방탄 팬들이 한강에 나무 천그루 심으면 뭐하노 알엠은 에어팟 개나 잃어버리고 환경오염시키는데 재미로 방탄 까는 거 아님 진심으로 화나서 그럼 씨발 나는 분리수거도 광적으로 하고 스벅 종이빨때 물에 녹아
201,바닥에 똥이랑 쓰레기 왕창 싸질러놓고 환경오염이 걱정돼요 식목일 나무 심기 운동 ㅇㅈㄹ하는거 같네
202,버리고싶은데 버리기엔 아까운거 먼지알지 근데 이걸 쓰고싶지도 않아 나 오늘도 환경오염 시켯다
203,환경오염 생각해서 핸드폰 살 때 주는 충전기랑 이어폰 없앤다는 놈들이 이어폰 구멍 없애서 기존에 잘 쓰던 이어폰들 몽땅 못 쓰게 만드는 놈들이랑 같다는게 상식적으로 말이 되나 양아치새끼들아냐 이거
204,미국은 환경오염의 주범국
205,ㅜㅜ 산드라 맨날 외식할때마다 나타샤 입이 짧아서 내가 다이어트를 못한다거 징징댈듯 나타샤가 걍 남기면 되는데 하는데도 이런거 다 환경오염이야 하면서 굳이굳이 나타샤가 깨작댄 그릇 가져와서 삭삭 긁
206,역병도 환경오염도 세계 몇 개국의 책임인데 지구 나눠 쓴 죄로 너무 가혹하다 동네 인도인 얘기를 들었는데 대 친구들 중 절반이 죽었다고 친인척은 말할 것도 없고
207,외국이긴 하지만 자주 사용되는 식기에서 플라스틱 사용 자체가 금지될 정도면 생각보다 환경오염이랑 지구온난화가 굉장히 심각한가 보네 플라스틱을 가공하는 데에 석유도 들어가고 공장도 돌아가야 하니까
208,에어팟 ㅅㅂ 환경오염 좆되네
209,년째 서울에 거주한 론리플래닛 기자 네이트 하이는 서울에 대해 이렇게 평가했죠 형편없이 반복적으로 뻗은 도로들과 구소련식 아파트 건물들 심각한 환경오염
210,아 친환경이라고 ㅋㅋㅋㅋ 그냥 돌덩이 캐는건데 무슨 환경오염이야 전기차 생산 자체가 환경오염이라고 하자 거기에 반박한 테슬라 핥는 친구들의 말
211,테슬라가 돌연 결제중단 및 일론이 비트코인의 환경오염을 욕하자 비트코인은 퍼 하락장을 맞이합니다 그리고 블랙록은 바로 억원 어치의 비트코인 채굴장 주식을 사들였습니다 비트코인 시즌 끝났다고요 블랙록
212,광주시 어린이 놀이시설 등 환경오염도 진단
213,쓸데없이 환경오염 팩트에 충실한 마비노기
214,공무원 급환경직공무원 각종 환경오염으로부터 우리 국토를 보전하는 임무
215,ㅜㅜ 산드라 맨날 외식할때마다 나타샤 입이 짧아서 내가 다이어트를 못한다거 징징댈듯 나타샤가 걍 남기면 되는데 하는데도 이런거 다 환경오염이야 하면서 굳이굳이 나타샤가 깨작댄 그릇 가져와서 삭
216,환경오염은 이 발전되면서 더 심해지지 않았을까 뭐 액체 괴물이나 짐초크 부수기나 여러가지 많잖아 팝잇도 저거 잠깐 쓰지 안쓰면 또 버리게 되는 거고 플로랄폼도 만지고 부수는 소리는 좋지만
217,서점들도 거의 엠디팔이하고 있고 그 예쁜 엠디들은 환경오염에 한부분을 차지하고
218,선량한 도사제님과 환경오염이 너무 싫어진 젠라큘라는 제로 웨이스트 쥬스 스탠드를 엽니다 ㅁ 그래도 우리 젠라큘라 정체성도 있고 도사제님 피 냄새 맡으면 힘드니까 빨간색 쥬스만 전문으로 파는 이곳은 좌석은
219,여기는ㅠㅠㅠㅠㅠㅠ조용하네ㅠㅠㅠㅠㅠㅠ 눈물 쥬르륵 흘려요 원래 밤하늘에 환경오염때문에 아무것도 안 보이는데 소행성 무더기로 지구로 떨어지면서 별처럼 빛나면 쇼요가 켄마 우리 같이 별똥별에 소원
220,브러쉬 닳으면 걍 플라스틱 쓰레기잖아 이 걸어다니는 환경오염새끼들
221,구마의식하러 다니다 이러쿵저러쿵한 사연으로 드라큘라의 저주를 받아 정기적으로 피가 필요한 사제 도 흡혈은 비윤리적이라 절대 안 함ㅜ 랑 오랜 세월의 모진 풍파를 겪으며 마늘 십자가 은 말뚝 햇볕 그
222,전 포스터는 분리수거 했는데 씨디가 분리수거 나누기가 힘들어서 피곤하네요ㅠ 박스째 박혀 있어요 진짜 환경오염 맞는것 같아요ㅠㅜ
223,태백시 환경오염물질배출사업장 지도 점검 결과 공개
224,마스크를 턱에 쓸 거면 환경오염 되게 왜 꼈냐
225,이시대 최고의 환경오염 건축학과
226,슬라임들 아무래도 환경오염 심한 장난감이라는 의식이 강하니까 실제로도 좀 그렇구 마켓에서 일부러 말려서 폐기하는 법 다 알려주고 친환경포장재 쓰는 곳이 많다 슬라임 유튜버들도 그걸 의식해서 폐기절차나 패
227,최근 갑자기 떠오른 생각 긴 머리 묶는 머리끈도 환경오염에 일조하겠네
228,요즘 데이터가 너무 많아도 환경오염이라고도 하지 요즘은 정보들이 정말 터져 나갈정도로 많아서 피곤한 것 같아 이런 기상이변도 결국 다 그런 탄소 배출에서 나오는건데 말이야 같이 고개를 저어준다
229,플라스틱 사용을 줄일 수 있는 방법은 탈플라스틱 환경오염 예방 대책 고고챌린지 용기내챌린지 코로나 배달앱 비닐 플라스틱 자세히보기
230,오마이갓리틀환경오염주범이즈히얼
231,님들아 나 지난번에 학원에 티 입고 갔다가 학원 쌤이 존나 면박 줌 어떻게 그런 티를 입을 수 있냐고 그런지 때문에 메탈이 죽은 거래 자기는 그래서 펄잼도 너바나도 너무너무 싫다는 거야
232,그녀의 세계는 전쟁이었다 그녀의 세계는 종교적 맹신이었다 그녀의 세계는 맹목적인 테러였다 그녀의 세계는 끊임없는 환경오염이었다 그녀의 세계는 인구 과잉이었다 그녀의 세계는 가난과 기아와 빈곤이었다 파피용
233,근데 확실히 앨범만 주구장창 사면 환경오염도 될 것 같아서 한 번 이상 구매한 이용자면 추가금을 내거나 가격을 빼서 포카나 일부 구성품만 따로 구매할 수 있게 해주면 좋겠다
234,커피 한 잔이 남긴 커피박 그 놀라운 변화 커피박 커피박퇴비 커피찌꺼기 퇴비 환경오염 김종훈 기자
235,아로마티카 알코올 소독제 주문했다 예전엔 소독제 묻혀있는 물티슈 쓰다가 그것도 환경오염의 원인이래서 행주 맨날 퐁퐁 삶아서 빨아서 쓰다가 그것도 좀 모자란거같아서 새니타이저 주문 이것도 직업병인듯
236,필요한 물건을 만들 때는 머리카락의 끝자락을 변환시키니까 감을 필요까진 없지만 변화시키는 것으로 보이는 앞쪽으로 늘어뜨린 머리카락을 집으며 말했다 호숫물에 씻는 것도
237,다들 그랬구나 나도 쌩신입 초반에는 커피안마신다고 말도 못했음 말해도 엥 사주면 걍 먹어 이럼 이게 얼마나 어이없는 자원낭비고 환경오염인지 아랫사람들한테 커피 좋아해 한마디만 물어봐주면
238,파주시 환경오염물질 배출사업장 지도 점검 실시 파주시는 쾌적한 생활환경을 조성하기 위해 오는 일부터 추석 전까지 환경오염물질 배출사업장에 대한 지도 점검을 실시한다 시는 무허가 미신고 배출시설 설치
239,칭찬받고싶은데 딱히 잘한게 없는것 같아요 그럼 아무거나 말해봐요 나 오늘 밥 꼭꼭 잘 씹어서 안남기고 먹었어 뭐 그런거라도요 편식 안한게 왜 칭찬받을일이 아니예요 세계적으로 심각한 환경오염을 줄이
240,페미니즘 환경오염 재난영화
241,그쳐 ㅠㅠㅠ 역시 재정이는 웃을 때가 제일제일 이뻐요 ㅜ 재정이가 웃어야 나라가 밝아지고 세상이 밝아져서 대충 환경오염도 줄고 모두가 행복해져요 ㅠ
242,벤지쿵야가 이렇게 허허실실 웃다가 나중에 우잉이라는 극악무도한 환경오염의 주범을 탄생시킨 거 안 믿김
243,저런 사람들 숨쉬는거 지구한테 사과해야함ㅜ 환경오염의 주범이라 미안해 삼창
244,각 지방 중공업단지에서 산재와 환경오염을 당하면서 올려보내는 외화로 풍요가 넘치는 서울 높은 빌딩에 둘러싸여 있는 낭만적인 대학교 캠퍼스에서 인문학 한다고 하는 문과 사람들은 정작 사회 돌아가는 구조 입에 밥넣어주는 구조
245,구제옷만 년째 사고있는 여성의팁 환경오염때문에 싸레기가 넘쳐나는지금 구제옷사는건 진짜 잘하는겁니다 개쓰레기잡유머에넘어가지말구 신조를 지켜주세요 만약 사고난뒤 가위에 눌린다면 침대밑에 가위나 칼을 두면 가위에
246,환경오염 에코라이프 시작 불쌍한 오리
247,맞아요 환경오염 심하다고 들었어요 전 취향 아니라서 안먹지만 더더 안먹게 되더라구요
248,기후정의를 말하다 기후변화 와 인종차별 은 맞닿은 문제 비즈트리뷴 마이크로소프트 측에 따르면 환경 불평등과 인종차별 간의 연관성은 세기에 일어난 환경오염 사례
249,마자요 타이밍이더리구요 환경오염보다는 좋아하는 사람한테 가는게 낫죠
250,겜스토리나애니나웹툰이나 영화나드라마나 질병이나 환경오염이나 암튼 이런저런 모종의이유로아포칼립스세계관된 파국스토리가 당기는구나
251,결국 싹다 버렸습니다 환경오염 하고 말았어요
252,포카라도 팔아야 돈이라도 남지 그냥 결국 종이 쓰레기만 남음 환경오염보다는 용돈벌이 하세요
253,환경오염 야구
254,환경오염 기후변화 지구온난화의 근본적인 문제는 법을 똑바로 만들지 않았고 법을 똑바로 집행하지 않았기 때문이라고 못 박는다 결과적으로 인간세상의 문제를 인간세상에서 제대로 컨트롤 못 했기
255,바다에 술뿌리ㅕㄴ 환경오염 어닌가요
256,씹쌉못생긴 굿즈를 만들어서 환경오염에 기여하는 기업
257,환경오염
258,아 새만금 국제공항 반대 환경오염 종 보존 플래카드 만들어서 내건거 정의당이었구나 ㅋ
259,웹진림 소셜벤처허브 사회적기업 창업 오마이어스 지구 환경오염 기후변화 친환경 업사이클링 선한영향력
260,지구본 입니다 불타오릅니다 환경오염은 나쁜겁니다
261,오늘도 시원하게 환경오염
262,탈북자들의 증언에 따르면 지금 북한에서는 프랑스 쓰레기를 수입해서 각 가정에서 이 쓰레기를 연료나 화목을 대신해서 태워 쓴다고 합니다 그래서 북한에서는 이 태운 쓰레기에서 나는 연기가 그대로 공중에 뿌려져
263,꽊꽊 안모여 사니까 건물도 다 대체로 낮음 엘베도 많이 필요없음 아시아에 있는 공장들 주인 구미권 백인 오너 그런데 환경오염 발표하면서 동남아 수질오염 베이징 스모그 사진이런거 가져오면 이러면 쪼끔 꼴 받을 수
264,아시발환경오염물부족이지랄 당신이 오늘 커피를 리터 마셧어용 네 커피나무 키울때 물이 얼마나 필요한데요 아싀발어쩌란거임 출근하는데 옷입었다고 옷입을땨 만든 물 이러네 개빡침
265,커피 한 잔이 남긴 커피박 그 놀라운 변화 커피박 환경오염 퇴비 커피박퇴비 커피찌꺼기 김종훈 기자
266,환경오염만 시키는 쓰레기
267,잇 머스트비 뻔 잇 머스트비 쿨 잇 머스트비 쎅씨 투 마지막에 이라 한 사람이 말한건데 놀랍게도 환경오염 대처를 어떻게 해야하는가에 대한 이야기임 환경오염을 섹시하게 대처한다는게 무슨 의미냐는
268,이 커피박을 주목해야 하는 이유는 환경오염의 주범인 플라스틱만큼 중요하다 땅에 버려진 커피박이 메테인 이라는 온실가스를 뿜어내고 있기 때문이다 메테인은 이산화탄소지수 로 이산화탄소의 배에
269,코팅종이쓰는건 환경오염 아니냐 빽빽 ㅇㅈㄹ 났는데 코팅종이는 재활용이 된다고요 이 사람들아 듣고 있냐 재활용 된다고 우유팩도 코팅되어있는데 왜 재활용
270,물복 먹음 잠깐 한눈판 사이에 팔목 타고 팔꿈치까지 줄줄 흐름 휴지로 닦음 끈적끈적해서 휴지로 닦아도 짜증남 결국 물티슈까지 가져옴 물티슈 낭비 환경오염 지구 망가짐
271,테슬라가 돌연 결제중단 및 일론이 비트코인의 환경오염을 욕하자 비트코인은 퍼 하락장을 맞이합니다 그리고 블랙록은 바로 억원 어치의 비트코인 채굴장 주식을 사들였습니다 비트코인 시즌 끝났다고요
272,토닥토닥 두드려주는 당신의 손길을 느끼며 속을 게워낸다 구웨엑 자체검열 그렇게 잠시동안 있은 뒤 입을 손으로 슥 닦고 당신을 바라본다 으 감사드립니다 정말 하
273,정구기는 이틀동안 머리를 감지 않았고 석지니는 오늘 아침에 감았으며 환경오염을 생각해서 일 동안 감지 않았던 기록을 가지고 있다
274,그런데 노기호 죽었죠 귀신은 환경오염안시켜서 사랑하게될지도 모르겠네요 나는 이런게좋다
275,환경오염 방치했다간 뭔 결과가 나올지 몰라서 늘 하던대로 안전한 선택을 담에는 세번째까지 가봐야지
276,환경오염에 대한 넷뿌릭스를 시청함으로서 넷뿌릭스 서버를 유지하는데 환경오염을 일으키기
277,어획이 환경오염에 심각하다구 합니다
278,아니 갑자기 생각났는데 사담임 요즘 환경오염이 넘 심해서 채식을 생각중이었단말임 완전 비건은 못하고 고기를 좀 줄여보자는 생각으로 근데 생각보다 내가 고기를 넘 조아하더라구 그리고 고기를 생각보다
279,두라마에서도 환경오염시키네
280,기후정의를 말하다 기후변화 와 인종차별 은 맞닿은 문제 비즈트리뷴 마이크로소프트 측에 따르면 환경 불평등과 인종차별 간의 연관성은 세기에 일어난 환경오염
281,가라르의 단 한명의 오메가인 금량 환경오염이나 여러 문제로인해 알파나 오메가 수가 점점 줄고 오메가는 찾아볼 수도 없게된 가라르 근데 너클짐 지하에 있는 ㅁㅎㄷㅇㄴ 때문에 거기서 근무하던 금량 유전자 점점 바뀌고 그날도
282,아 씨발스트레스받아그림그릴시간이업떠 진짜잡으면무환동력베터리마냥쓰레기같은거막생성해낼텐데 환경오염의주범이나일텐데
283,독기품은 약초묘사보고 으 환경오염 했는데 저주에 쓰는구나 납득해버림
284,이런 얘기를 왜하나면 환경오염이 넘 걱정됌 한번 싸고 버리는 비닐 생각하니 좀 맴이 아파서요 근데 제품 자체를 감싸고 있어야 기스도 덜나고 구매자 입장으로서는 만족감이 더 높은 것도 사실이라 궁금해서 묻고싶었다 그렇습니다
285,나도 환경오염을 생각해서 일 안감은 적 잇음
286,환경오염을 생각해서 머리를 안 감는다는 김석진과 땀이 장남아니고 하루에 두번 샤워하는 김남준
287,나 석진이 머리 안감는 거 변명으로 환경오염 얘기하는 거 나랑 개똑가태 맨날 친구한테 넌 북극곰 생각 안해 ㅇㅈㄹ
288,맞지맞지 환경오염 심각해지지
289,꽊꽊 안모여 사니까 건물도 다 대체로 낮음 엘베도 많이 필요없음 아시아에 있는 공장들 주인 구미권 백인 오너 그런데 환경오염 발표하면서 동남아 수질오염 베이징 스모그 사진이런거 가져오면 이러면 쪼끔 꼴 받을 수 밖에 없죠
290,모든 남자아이돌 옷장과 협찬에서 비니와 벙거지를 없애주세요 환경오염입니다 지구야미안해
291,쓰레기를 버리지말자는 주장에 환경오염과 환경미화원의 노고를 생각하면 옳은비판이었다고 논쟁을 종료하자는 사람들이 아니라 그걸 쓰레기를 버린 나에대한 공격으로 간주하고 불쾌감을 느낀 사람들이 쓰레기를 버릴 권
292,환경오염때문에 온거면 환경주제도꺼낼수잇어요
293,그래서 쓰레기를 무단투기하지 말라는 주장이 타집단에서 나오면 그게 옳다고 동의하는게 아니라 쓰레기를 무단투기해서 그걸 지적당한 자신들의 불쾌감을 우선시하며 쓰레기를 버릴 권리를 주장하며 자신이 논쟁 아니
294,공룡행성에서 왜왓어요 환경오염때문인가요
295,내가 매번 꿈꾸면 저런 미래사회 나오는데 전국팔도가 테마파크처럼 돼서 고속도로를 타면 돈을 내는게 아니라 내리면 그지역 입장권을 끊어야 돼 부도난 건물이 즐비한 테마도시도 있고 환경오염 테마도시도 있음 침수된 도시도 있고
296,현장포커스 인천 대무의로 농지성토 공사장 관리 감독 절실 인천 대무의로 일대 유수지 앞 농지성토 공사 현장의 환경오염 방치에 대해 인근 주민들이 행정기관
297,지구 이대로 괜찮은건가 전세계에 역병에 화재에 시위에 환경오염에 난리가아닌데
298,교수님이 원하는 답은 환경오염을 줄이기 위해서 였는데
299,그렇네 고기먹으면 환경오염
300,걍 포카만 팔아라 환경오염이에
301,썩다못해 환경오염까지 ㄷㄷ
302,살의 나 다이치 하 왜 인생아 있을까 사람이 있을까 인간이 없으면 환경오염도 안될텐데 한숨 아놔 중 병 오진다
303,배양육 동물애호 비건 축산업에서 발생하던 환경오염과 동물윤리 문제 해결될 수 있을까요
304,저도 사본 적은 없지만 기름값 쫌 싼 거 외에는 장점은 없는 것 같아요 소음과 승차감때문에 사시면 후회하실 듯요 특별한 목적이 있으면 모를까 환경오염도 그렇고 전 비추입니다
305,저런 하수구 음식물쓰레기 처리기 쓰면 안됌 환경오염 다른집 하수구 막혀서 민폐오지게 줌 그리고 불법임
306,뭐 그런데 결국 로켓 발사장이란게 말 그대로 환경오염의 극치라 환경 반대론자들에게 이야기 될 수 밖에 없는 지점은 있다 봅니다
307,비닐라벨이 전체에서 위쪽으로만 붙어져서 환경오염이 덜해요 가 한국어발음 라이트 로 재탄생했어요 블랙보리 글씨체가 바뀌었어요 라벨이 바뀌면서 하이트진로가 가운데
308,아 삶 취준 인생 미래 그런 거 모르겟고 어제는 배수아 푸른 사과가 있는 국도 읽따가 어라라 누가 내인생 스포일러를 해놧네 싶어서 굳이 내가 삶을 한번 더 살 필요가 잇을까 일종의 환경오염을 실천하는 것이 아닌가 그런 생각을
309,ㅋㅋㅋㅋㅋㅋㅋㅋㅋㅋㅋㅋㅋㅋㅋ말만 상냥할 것 같은 ㅋㅌㅋㅌㅋ 당신이 하는 짓은 환경오염이에요
310,환경오염시키면 브룽이라 아파요 바다에 쓰레기를 버리지 마세요
311,완전 완전 타래 다 읽어봤는데 진짜 너무 갓커에요 환경오염에 대한 메시지를 커뮤에 녹아든게 너무 멋있어요
312,시발날투디세카이로보내주ㅏ 그럼적어도거기엔환경오염이없지않을까 환경오염이 걱정된다면 우에키의법칙에 들어가서 우에키를 환경운동가로 키워내기
313,집에 장난감 개잇는데 어떻게 모든게 싫은거니 얘들아 환경오염 그만하고싶어 죽여줘
314,환경오염 오타쿠
315,코덕 맴찢영상 왜 어ㅐ 만드는거임 볼때마다 환경오염밖에 생각 안나
316,그렇죠 저도 옛날에는 그런 환경오염 포스터를 그리기도 했는데 딱히 미술에 재능이 있던 건 아니라서 상은 타지 못했지만 말입니다 먼 하늘을 바라보며 작게 웃고는 그렇겠죠
317,그건 환경오염이 아닐까요
318,그새끼들이 재활용하는게 환경오염 막는데 제일 효과적
319,지구가 의지를가지고 환경오염시키는 나라를 조진다면 순위 순위는어딜까
320,비닐라벨이 전체에서 위쪽으로만 붙어져서 환경오염이 덜해요 가 한국어발음 라이트 로 재탄생했어요 블랙보리 글씨체가 바뀌었어요 라벨이 바뀌면서 하이트진로가
321,환경오염 이야기도 그렇고 사람이 더 태어나봐야 좋은 거 없다 싶고 뭐 이런 이야기 하면 이상한 눈초리 하는 사람 많을듯하지만ㅋㅋ 애기 있는 분은 계속 애기 자랑하고 진짜 관심 도
322,세계 제 경제 대국임에도 불구하고 미국 서민들은 왜 점점 가난해지는가 그 세금 다 어디로간거 자유 민주주의 정의의 이름으로 전쟁무기 마음껏 사막에 뿌리면서 누구 배불려준거 지구 환경오염 어쩔 양쪽 악행
323,여기에 각종 환경오염으로 인한 기후위기까지 디스토피아가 가까워 지는건가 싶어요 ㅠㅠ
324,왜 내가 해피밀 시킬 때는 환경오염에 한숟 얹었다는 마음의 죄책감만 들게하더니
325,남한에도 우라늄 매장량이 경제성있을 것으로 예상되어 광산개발 추진된 지역이 여럿 있지만 지방정부가 환경오염등을 우려해 금지한 상태
326,세계 제 경제 대국임에도 불구하고 미국 서민들은 왜 점점 가난해지는가 그 세금 다 어디로간거 자유 민주주의 정의의 이름으로 전쟁무기 마음껏 사막에 뿌리면서 누구 배불려준거 지구 환경오염 어쩔
327,아 환경오염 지금당장쓰레기주으러겟아웃
328,텀블러 선물이 여기저기서 너무 많이 들어온다 환경보호를 위해서 텀블러를 쓰라지만 인장 텀블러 개 이상이면 환경오염에 더 가까운 거 아닌지
329,퍼스프로 웃긴캡쳐 타래로이어봅니다 영광의 짤은 환경오염으로
330,나갑지기겸뱀이넘좋은걸 범죄자아기 이 문제아들이 저지르는일 길고양이들과 환경오염 대책 회의 설빙 가서 떡볶이 주문하기 인형뽑기에 만원쓰기 주유소에서 인스타사진찍기
331,수제장인정신의계승으로지구환경오염과재활용장신구적극사용하기를같이소통과협력해보기를바랍니다
332,헐나도가리비자살했다는줄알고 환경오염문제가심각하구나 하면서 주의깊게바라보니까 깔끔하게 손질된 가리비 관자살이었음
333,씨스피라시 재밌다 환경오염은 어업의 쓰레기와 남획 때문임 근데 환경사업이 돈이 되니까 쉬쉬하는 거지 겨우 플라스틱 빨대 때문이라면서 애초에 어업이 사라지면 일자리가 없으니까 근본적 해결방안
334,이딴걸 만든새끼나 돈받고 파는새끼나 돈주고 사는새끼나 대가리에 뭐가처들은거야 씨발 다이어트를 할것같으면 콜라를 처 마시질 말던가 제로콜라를 마시던가 소용량 마실거면 캔콜라는 장식인가 벌레같은새끼들 환경오염주범이여
335,탄소 배출과 환경오염 자원 고갈에 대한 비용이 경제성장 지표엔 계산되지 않는다 행복 사랑 아이와 엄마와의 밀착 관계 걸어다닐 수 있는 동네 시간의 흔적이 묻은 건축물 신뢰 용서 서비스를 잘 해주는 단골 가게 주인의 가치도 말이다
336,알파고 있는데 왜 환경오염 시키면서 숨 쉬어 당장 죽어
337,더위로 인해 해수온도가 올라 물고기들이 폐사한다 정상적인 해결법 해수온상승 등 이상기후의 원인이 되는 환경오염을 막는다 인간들의 해결법 고수온 버틸 수 있는 품종을 개발한다 와 인간들 너무
338,환경오염을 안시키려면 자살 이 가장 빠르겠습니다만 실제로 이걸 바라시진 않겠고 해결을 해야겠죠 다들 저렇게 비판해도 당일 새벽배송 없으면 화낼분들 많고
339,지인이 마녀캐 짜줬다 신나서 허버허버 그림 강을 사랑하는 마녀 환경오염때문에 요즘은 성격 더 더러워졌다고 합니다 춋또 마녀쿤
340,나 대통령되면 릴스랑틱톡없애고 인스타 유머계정 다터트려줌 먹방한답시고 환경오염 존나하는거 사형 ㄴ중국이랑다를게뭔가요
341,신고지라 자체도 고지라 대 헤도라에 대한 오마주가 들어가 있죠 고지라의 핵 은유를 환경오염 으로 전유하고자 시도한 게 고지라 대 헤도라였는데 이걸 다시 원자력으로 인한 재난 으로 전유를 시도한 게 신고지라니까요
342,아니 미장원 온세상 무스랑 스프레이 팡 머리에 쏟아부었냐구여 환경오염의 주범이 여기있었네
343,마이바니가 환경오염의 주범이었다니
344,마치 길가에 담배꽁초를 버린 사람한테 가서 지금 니가 하는 행위가 환경오염을 일으킨다는 점에서 핵발전소를 폭파시켜 방사능을 유출시키는 테러범이랑 뭐가 다르냐 고 고래고래 소리지르는 느낌입니다
345,야이씨발색히들아 차 타지말고 버스나 타 이 환경오염의 주범자들아 좆같은색히들아
346,이메일 삭제했을때 환경오염에 도움된다는 말을 혐오 하는편
347,이제 정치트윗은 안할려하지만 이 얘기는 마지막으로 꼭하고싶어요 뭐만 하면 환경오염탓하는데 어떤 논리로 저러는지 모르겠어요 또 싸드들고와서 전자파가 인체에 유효하다하면서 떠드는 것을 상상
348,오늘날 우리에게 일용할 전기차를 주옵시고 우리에게 내연기관차를 사하여 준 것
349,불태우는것도 환경오염이야
350,남대표고 환경오염이고 다 떠나서 떠날수없다는걸알지만 애초에 브라를 월마다 하나씩 받을 이유가 있나요 필요한 제품을 필요한 때에 구매하면 되지 않나요
351,가족도 환경오염이라 그랬는데 감동이에요
352,지구는 미래 기준으로 먼 과거에 지속되는 환경오염으로 인해 버려져 지구에서 멀리있는 행성인 코드 로 이주하였고 저희는 이곳을 코드육사라 부릅니다 정리하자면 현재 이 지구는 버려
353,환경오염이 걱정이면 불필요한 낭비는 환경을 오염시킨다 에 핀트를 맞추고 왜 남자가 여자 속옷을 파냐 라고 뭐라 하고싶으면 그냥 그런거지뭐 무작정 욕하기엔 사람은 살아있는 자체가 환경오염임 내가 보는
354,근데 화장 다시 하고싶을때도 있는데 화장품 너무 비싸 ㅋㅋㅋㅋ 그래서 진짜 안하게 됨 ㅋㅋㅋㅋ 화장하면 지우는데도 환경오염이잖아 그래서 더더욱 안하게됨
355,용암에 사람이 들어가면 태우거나 매립하는 것보다 환경오염이 안되지 않을까 걍 사라지지 않음 용암은 몇명까지 커버 가능할까
356,진짜 그냥 뭐 복권같은걸로 하면 안되나 우리 너무 환경오염 주범 아니냐구
357,승차호출 기술 발달로 아끼게 된 에너지나 감소된 환경오염도 상당하지 않을까 아니면 걍 콜은 콜대로 키고 옛날과 다를바앚ㅅ이 정처없이 돌아다니는건가
358,공용킥보드 진짜 웃기지 말라 그래 요즘 길 가면 사방이 다 킥보드밭이야 진짜 징글징글해 타고다니는 놈들은 뭐 헬멧 착용하고 이러는 것도 아니고 인도에서도 부와앙 이지랄하는데 이거 규제 안하냐고 그리고 나중에
359,도쿄 올림픽에서 일본의 탄소감축을 위한 노력은 효과가 있었을까요 그 결과를 알고 싶다면 구독과 좋아요 부탁드려요 탄소배출 도쿄올림픽 도쿄올림픽 올림픽 환경 환경오염
360,이 트윗은 절대 구제 공포조장아닙니다 당장 저는 오늘만해도 구제옷 세벌 샀습니다 오염이 너무 심하지 않는이상 절 대 이상한귯에서 떼온 옷이 아닙니다 ㅎㅎ 환경오염방지에 힘써주세요 구제는 정말 오랫동안 입을수있는 옷입니다
361,구제옷만 년째 사고있는 여성의팁 환경오염때문에 싸레기가 넘쳐나는지금 구제옷사는건 진짜 잘하는겁니다 개쓰레기잡유머에넘어가지말구 신조를 지켜주세요 만약 사고난뒤 가위에 눌린다면 침대밑에 가위나 칼을 두면 가위에 눌리지 않습니다
362,아니 와타나가시 축제 이거 너무 환경오염적이에요 배경이 년이긴한대
363,하 나중에 죽게되면 꼭 바다에 뿌려지고싶었는데 그럼 환경오염이라매 편히 죽지도못하는
364,약간 미디어 환경오염 숫자로 보게된 것 같다
365,갈매기 똥으로 뒤덮인 태양광 환경오염의 원인이 된 태양광 정권교체가 없으면 국민혈세는 더욱 심하게 낭비될 것이다
366,귿데 포카뒤에 멘트 맘에들면 양도받으러다닐거같애 환경오염에한발짝
367,공용킥보드 진짜 웃기지 말라 그래 요즘 길 가면 사방이 다 킥보드밭이야 진짜 징글징글해 타고다니는 놈들은 뭐 헬멧 착용하고 이러는 것도 아니고 인도에서도 부와앙 이지랄하는데 이거 규제 안하냐고 그
368,양황 아이돌황의 혼모노오타쿠 양짱인 고삼때 황네 그룹 길바닥직캠 하나 보고 꽂혀서 덕질 시작함 황연진 포카는 모조리 매입하고 부산 사는데 앨범 백장씩 사서 팬싸도 꼬박꼬박감 중박도 칠랑말랑인 그룹 뭣하러 백장씩이
369,슬퍼하지마환경오염을막는것부니야
370,하 엄마가 엊그제 앨범 버리면서 쓸데없이 앨범 여러개 사지말라고 환경오염이라고 머라햇는데 ㅡㅡ
371,천미터급 세계적 고봉들이 즐비한 히말라야 산맥들과 연결되어 있는 티벳고원 거기에서 중국 동쪽의 해안가까지는 완만한 지대가 아니라 거의 폭포같이 급격한 경사를 가짐 치수는 언제나 문제이고 공업지대는 해안가에 몰
372,에 가려져서 상대적으로 덜 부각되지만 고폭탄류도 제조공정 과정에서 주변 환경오염이 심각한 것들 맨 피부에 흡수되면 두통 나는건 약과고
373,이제 이제 뭐가 등장했는지도 모름 걸어다니는 환경오염폭탄 머리 잘려도 안죽는 좀비 개의 심장이 있는 정체불명의 괴수
374,머리도 씨발 빨리 숱쳐야지 많기는 ㅅㅂ 진짜 무식하게 많아서 엉키고 머리감는것도 촛나 그냥 환경오염의 대가임
375,장 다 보면 읍내에 딱 하나 있는 카페 들어가서 아아 샷 추가 테이크아웃하는데 집에서 챙겨온 락앤락 쉐이커 보틀 모두가 아는 그 파란 뚜껑 에다가 함 요즘 환경오염이 심하대 일회용품 안 쓴다고 장 볼 때도 핸드카트 덜덜 끌고 옴 ㅋㅋㅋㅋ 친환경 도깨비
376,환경오염 걱정하는 에코충인데 애 까는거 노이해 그 플라스틱이랑 물 아껴봤지 님이 낳은 애가 더 유해한데요
377,아니 신기루처럼 보이는 가상재화로 수익이 나는데 매출이 조 년에 따박따박 조 땅파고 자원 전쟁하고 공업폐기물이네 환경오염이네 고민하지 않아도 년에 따박따박 조 잘만 키우면 이보다 괜찮은 산업이 있나
378,뭔 트위터 비건 트위터 에코페미니즘 어쩌고 트위터 퀴어페미 이런 계정들 남초커뮤 가서 남자 패는 꼴 본 적이 없음 ㅋㅋㅋㅋㅋㅋㅋㅋㅋㅋㅋ 여혐도 퀴혐도 환경오염도 남자가 더 심한데 ㅋㅋ 당연함 남자보다 무조건 자주적이고
379,여성주의자 중에서도 건강 챙기면서 비건식 권유하고 공유하는 분들 많음 난 그런 분들은 좋아 여성을 외면하는 게 아니잖음 ㅋㅋ 근데 트위터에서 랟펨이랑 키배면서 성노동론 지지 쳐하는 여혐충들은 진짜 ㅋㅋㅋ 글고
380,귀찮아서 옷 안사는게 아니라 환경오염 막을려고 옷 안산다고 말하기
381,어린아이들한테 너무 각박한거랑 인종차별 글고 환경오염
382,듣지도않을씨디 자꾸 생산해내는거 그거 환경파괴야 그런쓰레기들 만들어내느라 탄소가 얼마나 배출ㄹ되겠어 난 진심으로 저기에드는 자본이아깝고 환경오염걱정됨
383,동물만 안죽인거지 환경오염이라 허위광고 아닌가요 제가 아는 비건레더는 선인장 이런거여서요
384,산불로 인해 생긴 스모그가 공기를 덮어 외부활동을 줄이라고 한다 환경오염으로 인해 더이상 실내활동 밖에 할 수 없는 배경의 소설들이 연상되는데 그게 내 목숨 반경 안의 미래일 줄이야 이런 식이
385,그러나 여성은 인구의 절반이나 되므로 소수가 아니고 사회적 생산과 노동 과정에서도 소수가 아니므로 완고하고 심한 편견쟁이들의 비하 대상일 수는 있어도 혐오의 대상이 될 수는
386,비닐같은 일회용 소재는 안쓰는게 제일이지만 차선택으로 바이오매스 플라스틱 추천드립니다 말그대로 옥수수전분이나 곡류껍질같은 식물성소재로 만든 플라스틱인데요 제조공정부터 탄소배출이 적고 불에 태워도 환경오염
387,요즘 플라스틱이 환경오염의 주범이 되서 다들 내열유리나 도자기류로 많이 바꾸시던데 나도 그랬음 하지만 내열유리랑 도자기는 한국에서 일반쓰레기 폐기물인데다 단일소재가 아니라서 재활용이 많이 힘들고 플라스틱보
388,기후변화와 환경오염에 따른 전세계적인 어획량 감소로 인해 기존의 생활방식을 고수하기 힘들게 된 인스머스의 젊은이들이 침체되어가는 마을을 부흥시키고자 아이돌을 시작하는 이야기
389,너냅킨한장이얼마나환경오염이되는줄알아 그냅킨한장에얼마나많은수고와나무가희생했는지아냐고너냅킨만들어봤어 니가뭘알아
390,아 시팔 우리집 화장실 방음 너무한다 방금 윗집이 방구 뀌고 오늘도 시원하게 환경오염 하는 소리까지 다들림 미치겠네
391,환경오염방ㄷ관죄로 싱고함니다
392,환경오염 생각안하나
393,목욕은 레전드 물낭비 환경오염이다
394,여기도 엘비노네 클나따 환경오염이 문제여써요 흰닥발을 우짠디야
395,환경오염 시발 사람들한테 지랄하지말고 기업에 좀 지랄해 이번에 어디 김이였지 플라스틱 줄여서 판매한거 개잘한거 같음 그렇게 기업이 바뀌어야지 소비자들이 시발 플라스틱 행구고 말려서 분류한다고 살림살이 좀
396,미국에서 콜라에 멘토스만 그만 쳐 넣어도 환경오염 줄어들듯
397,그러나 여성은 인구의 절반이나 되므로 소수가 아니고 사회적 생산과 노동 과정에서도 소수가 아니므로 완고하고 심한 편견쟁이들의 비하 대상일 수는 있어도 혐오의
398,부안군은 아름다운 채석강의 쓰레기관리를 헤주시길 부탁합니다 친환경미래 기후로 끙끙 코로나도 어쩌면 환경오염 기후변화와도 무관하지않을텐데 이 같은 문화 웬말입니까 부끄러운관리 부끄시민의식입니
399,이미 환경오염 할 생각에 뇌에 힘주는걸 포기한자
400,마자 돌앨범 씨디도 안듣는데 환경오염 오져 진심
401,사실 말이 대게 많아가지고 환경오염이라 불법이라는 말도 있으니가 걍 불법이라더라 하고 막아보자
402,문명 군도맵으로 했더니 환경오염 때문에 날이 갈수록 땅이 침몰해서 결국 우주로 도망침ㅋㅋㅋㅋㅋㅋㅋㅋㅋㅋㅋㅋㅋㅋ
403,ㄹㅇ 전세계인구다죽이고 이상한공장환경오염다정리하구 디지는생각함
404,빡대가리들 존나 싫다 공동체의식이라곤 없고 지 기분만 중요한 개똘추들 공기 아까워 살아있는거 자체가 환경오염이니까 멸종했으면 좋겠어
405,꾸미기위해 옷을 새로사서 입으면 멀쩡했던 옷을 버리는게 환경오염이 되는데 안그랬으면 좋겠다
406,비트 환경오염 주범
407,되게 빛님 마음에 안들고 나왔어 환경오염 오히려 좋아 스팀펑크 진짜 미쳤다구 자세나 그림은 이쁜데 색감 되게 구려 눈 색도 괜히 스킨에 맞춘 거 같아
408,모두가 타츠마키 씨 같을 순 없으니까요 그러니 우리들 모두 환경오염이 일어나지 않도록 서로 노력을 해야만 해요
409,인간에 의한 환경오염 말하는거지 그렇게 말하면 할말이 없지만 적어도 난 자동차는 타고 다니지 않는걸
410,환경오염의 주범 신
411,잘 모르겟음 나는 뭐 헤어스타일을 꼭 어떻게 해야한다고 하면 김연담처럼 하고싶은데 근데 나 염색은 웬만하면 안하기로 마음먹었음 환경오염 오진다며
412,부분적으로 동의한다 자본가는 손해를 감수하고 일대전환 같은 걸 이뤄서 다 같이 살아남기보다는 기후격변과 환경오염으로 천천히 멸망해 가는 세계에서 남들을 희생시켜 가며 버티다가 마지막으로 죽는 쪽을 선택할 것이다
413,아씨 손에 물 묻히기 싫어서 물티슈 하나 뜯어가지고 닦앗는데 설거지해야됨 환경오염두배
414,이건 뭐 환경오염수준 쓰레기 큐브
415,천미터급 세계적 고봉들이 즐비한 히말라야 산맥들과 연결되어 있는 티벳고원 거기에서 중국 동쪽의 해안가까지는 완만한 지대가 아니라 거의 폭포같이 급격한 경사를 가짐 치수는 언제나 문제이고 공업지대는
416,스브스뉴스 돌고래 종양 있는 돌고래 가 제주도에 나타났다는 의미 스브스뉴스 이 콘텐츠의 고화질 풀영상을 보고싶다면 스브스뉴스 프로필의 유튜브 링크를 클릭하세요 제주도 제주남방큰돌고래 고래 제주 해변 환경 동물 핫핑크돌핀스 환경오염 해양 멸종위기 기후변화 제주도돌고래스브스뉴스 돌고래 제주도 제주남방큰돌고래 고래 제주 해변 환경 동물 핫핑크돌핀스 환경오염 해양 멸종위기 기후변화 제주도돌고래
